{
  "queries": 370,
  "dino_mean_error_m": 120.71725064897973,
  "dino_median_error_m": 95.19602859661046,
  "dino_p90_error_m": 243.0269210035785,
  "temporal_mean_error_m": 96.9848650369855,
  "temporal_median_error_m": 69.49445314891977,
  "temporal_p90_error_m": 194.85492328171233,
  "temporal_max_error_m": 448.2589150246636,
  "improved_queries": 184,
  "worsened_queries": 140,
  "unchanged_queries": 46
}