{
  "frames_processed": 739,
  "mean_latency_ms": 1416.0097898513588,
  "median_latency_ms": 1520.7286000077147,
  "p90_latency_ms": 2513.6469799967017,
  "max_latency_ms": 2735.3516000002855,
  "evaluated_frames": 441,
  "mean_error_m": 97.78043338606327,
  "median_error_m": 74.9686340589364,
  "p90_error_m": 229.1773628708361,
  "p95_error_m": 238.34038730541417,
  "max_error_m": 396.6050481337557,
  "pct_under_50m": 25.396825396825395,
  "pct_under_100m": 70.29478458049887,
  "drone_evaluated_frames": 441,
  "drone_mean_error_m": 121.04612463193074,
  "drone_median_error_m": 89.91210342226717,
  "drone_p90_error_m": 300.6741087362158,
  "drone_p95_error_m": 308.7464291923091,
  "drone_max_error_m": 424.3407340340157,
  "drone_pct_under_50m": 34.69387755102041,
  "drone_pct_under_100m": 55.32879818594104,
  "state_counts": {
    "NO_ESTIMATE_ACQUIRE": 2,
    "ACQUIRE_ACCEPTED_REGION": 37,
    "HOLD_BAD_LOCAL": 89,
    "LOCKED_REGION": 119,
    "NO_ESTIMATE_REACQUIRE": 296,
    "FLOW_PROPAGATED_HOLD": 168,
    "LOCKED_REGION_TRANSITION_HOLD": 6,
    "LOCKED_REGION_TRANSITION_ACCEPTED": 7,
    "FLOW_PROPAGATED_TRANSITION_HOLD": 15
  },
  "verified_output_frames": 441,
  "geometry_verified_output_frames": 441,
  "search_mode_counts": {
    "ACQUIRE_GLOBAL": 299,
    "LOCKED_REGION_FLOW_DYNAMIC": 440
  },
  "no_estimate_frames": 298,
  "valid_estimate_frames": 441,
  "fresh_geometry_frames": 163,
  "flow_propagated_frames": 183,
  "static_hold_frames": 95,
  "fresh_only_frames": 163,
  "fresh_only_evaluated_frames": 163,
  "fresh_only_mean_error_m": 91.64645212567616,
  "fresh_only_median_error_m": 73.5204087890616,
  "fresh_only_p90_error_m": 225.19351172787728,
  "fresh_only_p95_error_m": 234.7821005186122,
  "fresh_only_pct_under_100m": 76.68711656441718,
  "flow_propagated_only_frames": 183,
  "flow_propagated_only_evaluated_frames": 183,
  "flow_propagated_only_mean_error_m": 109.59353800030283,
  "flow_propagated_only_median_error_m": 75.18731538078437,
  "flow_propagated_only_p90_error_m": 235.35125778999597,
  "flow_propagated_only_p95_error_m": 262.4122308446459,
  "flow_propagated_only_pct_under_100m": 63.934426229508205
}